Marketer Manager,Instagram
Marketer Manager,Instagram
Marketer Manager,Instagram
Marketer Manager,YouTube
Marketer Manager,Facebook
Marketer Manager,Facebook
Marketer Manager,Instagram
Marketer Manager,Instagram
Marketer Manager,YouTube
Marketer Manager,Instagram
Marketer Manager,YouTube
Marketer Manager,Facebook
Marketer Manager,YouTube
Marketer Manager,Facebook
Marketer Manager,Instagram
Marketer Manager,Instagram
Marketer Manager,Instagram
Marketer Manager,Instagram
Marketer Manager,YouTube
Marketer Manager,Facebook
Marketer Manager,Facebook
Marketer Manager,Instagram
Marketer Manager,YouTube
Marketer Manager,Instagram
Marketer Manager,Instagram
Marketer Manager,Facebook
Marketer Manager,YouTube
Marketer Manager,Facebook
Marketer Manager,Instagram
Marketer Manager,YouTube
Marketer Manager,Facebook
Marketer Manager,YouTube
Marketer Manager,YouTube
Marketer Manager,Facebook
Marketer Manager,YouTube
Marketer Manager,Instagram
Marketer Manager,Facebook
Marketer Manager,YouTube
Marketer Manager,Instagram
Marketer Manager,Facebook
Marketer Manager,Instagram
Marketer Manager,Instagram
Marketer Manager,Instagram
Marketer Manager,Instagram
Marketer Manager,YouTube
Marketer Manager,Facebook
Marketer Manager,YouTube
Marketer Manager,YouTube
Marketer Manager,Instagram
Marketer Manager,YouTube
Marketer Manager,Facebook
Marketer Manager,Facebook
Marketer Manager,YouTube
Marketer Manager,YouTube
Marketer Manager,YouTube
Marketer Manager,Instagram
Marketer Manager,YouTube
Marketer Manager,Instagram
Marketer Manager,Instagram
Marketer Manager,YouTube
Marketer Manager,Instagram
Marketer Manager,YouTube
Marketer Manager,Instagram
Marketer Manager,Facebook
Marketer Manager,Facebook
Marketer Manager,YouTube
Marketer Manager,Facebook
Marketer Manager,Facebook
Marketer Manager,Facebook
Marketer Manager,Facebook
Marketer Manager,YouTube
Marketer Manager,YouTube
Marketer Manager,Instagram
Marketer Manager,Facebook
Marketer Manager,Facebook
Marketer Manager,Facebook
Marketer Manager,Instagram
Marketer Manager,Instagram
Marketer Manager,YouTube
Marketer Manager,YouTube
Marketer Manager,Facebook
Marketer Manager,Facebook
Marketer Manager,Instagram
Marketer Manager,YouTube
Marketer Manager,Instagram
Marketer Manager,Facebook
Marketer Manager,YouTube
Marketer Manager,Facebook
Marketer Manager,Facebook
Marketer Manager,YouTube
Marketer Manager,Instagram
Marketer Manager,Instagram
Marketer Manager,Facebook
Marketer Manager,YouTube
Marketer Manager,Instagram
Marketer Manager,Facebook
Marketer Manager,Facebook
Marketer Manager,YouTube
Marketer Manager,YouTube
Marketer Manager,Instagram
Marketer Manager,YouTube
Marketer Manager,Instagram
Marketer Manager,Instagram
Marketer Manager,Instagram
Marketer Manager,Instagram
Marketer Manager,Facebook
Marketer Manager,Facebook
Marketer Manager,Facebook
Marketer Manager,YouTube
Marketer Manager,YouTube
Marketer Manager,Instagram
Marketer Manager,Instagram
Marketer Manager,Instagram
Marketer Manager,Instagram
Marketer Manager,Instagram
Marketer Manager,Facebook
Marketer Manager,Facebook
Marketer Manager,YouTube
Marketer Manager,Facebook
Marketer Manager,YouTube
Marketer Manager,Instagram
Marketer Manager,Facebook
Marketer Manager,Instagram
Marketer Manager,Instagram
Marketer Manager,Instagram
Marketer Manager,Facebook
Marketer Manager,YouTube
Marketer Manager,YouTube
Marketer Manager,Facebook
Marketer Manager,Facebook
Marketer Manager,Facebook
Marketer Manager,Facebook
Marketer Manager,Instagram
Marketer Manager,Instagram
Marketer Manager,YouTube
Marketer Manager,Facebook
Marketer Manager,YouTube
Marketer Manager,YouTube
Marketer Manager,Facebook
Marketer Manager,YouTube
Marketer Manager,Instagram
Marketer Manager,YouTube
Marketer Manager,Instagram
Marketer Manager,YouTube
Marketer Manager,Instagram
Marketer Manager,Instagram
Marketer Manager,YouTube
Marketer Manager,Instagram
Marketer Manager,Instagram
Marketer Manager,Facebook
Marketer Manager,Facebook
Marketer Manager,Facebook
Marketer Manager,Instagram
Marketer Manager,Facebook
Marketer Manager,YouTube
Marketer Manager,YouTube
Marketer Manager,Facebook
Marketer Manager,YouTube
Marketer Manager,Facebook
Marketer Manager,Instagram
Marketer Manager,Facebook
Marketer Manager,YouTube
Marketer Manager,Instagram
Marketer Manager,Instagram
Marketer Manager,Facebook
Marketer Manager,YouTube
Marketer Manager,Facebook
Marketer Manager,Facebook
Marketer Manager,YouTube
Marketer Manager,YouTube
Marketer Manager,Facebook
Marketer Manager,Facebook
Marketer Manager,YouTube
Marketer Manager,YouTube
Marketer Manager,Instagram
Marketer Manager,Facebook
Marketer Manager,Instagram
Marketer Manager,YouTube
Marketer Manager,YouTube
Marketer Manager,YouTube
Marketer Manager,Instagram
Marketer Manager,Instagram
Marketer Manager,YouTube
Marketer Manager,Instagram
Marketer Manager,YouTube
Marketer Manager,Facebook
Marketer Manager,Instagram
Marketer Manager,YouTube
Marketer Manager,YouTube
Marketer Manager,Instagram
Marketer Manager,Instagram
Marketer Manager,YouTube
Marketer Manager,Facebook
Marketer Manager,Instagram
Marketer Manager,YouTube
Marketer Manager,Instagram
Marketer Manager,YouTube
Marketer Manager,Facebook
Marketer Manager,YouTube
Marketer Manager,Instagram
Marketer Manager,YouTube
Marketer Manager,Facebook
Marketer Manager,YouTube
Marketer Manager,Facebook
Marketer Manager,Facebook
Marketer Manager,YouTube
Marketer Manager,Facebook
Marketer Manager,Instagram
Marketer Manager,Facebook
Marketer Manager,Facebook
Marketer Manager,Facebook
Marketer Manager,Instagram
Marketer Manager,YouTube
Marketer Manager,Instagram
Marketer Manager,YouTube
Marketer Manager,Instagram
Marketer Manager,YouTube
Marketer Manager,Facebook
Marketer Manager,YouTube
Marketer Manager,Instagram
Marketer Manager,Facebook
Marketer Manager,Facebook
Marketer Manager,YouTube
Marketer Manager,YouTube
Marketer Manager,Instagram
Marketer Manager,Facebook
Marketer Manager,Facebook
Marketer Manager,Instagram
Marketer Manager,Instagram
Marketer Manager,Facebook
Marketer Manager,Instagram
Marketer Manager,Facebook
Marketer Manager,YouTube
Marketer Manager,YouTube
Marketer Manager,YouTube
Marketer Manager,Instagram
Marketer Manager,Instagram
Marketer Manager,Instagram
Marketer Manager,Facebook
Marketer Manager,Facebook
Marketer Manager,Facebook
Marketer Manager,YouTube
Marketer Manager,YouTube
Marketer Manager,YouTube
Marketer Manager,Instagram
Marketer Manager,Facebook
Marketer Manager,Facebook
Marketer Manager,Facebook
Marketer Manager,Instagram
Marketer Manager,Instagram
Marketer Manager,YouTube
Marketer Manager,Facebook
Marketer Manager,Instagram
Marketer Manager,YouTube
Marketer Manager,Facebook
Marketer Manager,Instagram
Marketer Manager,Facebook
Marketer Manager,Instagram
Marketer Manager,Instagram
Marketer Manager,YouTube
Marketer Manager,YouTube
Marketer Manager,YouTube
Marketer Manager,Instagram
Marketer Manager,Instagram
Marketer Manager,Facebook
Marketer Manager,YouTube
Marketer Manager,YouTube
Marketer Manager,YouTube
Marketer Manager,Facebook
Marketer Manager,Instagram
Marketer Manager,YouTube
Marketer Manager,Facebook
Marketer Manager,YouTube
Marketer Manager,Instagram
Marketer Manager,Facebook
Marketer Manager,Instagram
Marketer Manager,Facebook
Marketer Manager,Facebook
Marketer Manager,Instagram
Marketer Manager,YouTube
Marketer Manager,Facebook
Marketer Manager,Instagram
Marketer Manager,Facebook
Marketer Manager,Instagram
Marketer Manager,YouTube
Marketer Manager,Facebook
Marketer Manager,YouTube
Marketer Manager,YouTube
Marketer Manager,Facebook
Marketer Manager,Facebook
Marketer Manager,YouTube
Marketer Manager,Facebook
Marketer Manager,YouTube
Marketer Manager,Facebook
Marketer Manager,YouTube
Marketer Manager,Instagram
Marketer Manager,Instagram
Marketer Manager,Instagram
Marketer Manager,Facebook
Marketer Manager,Instagram
Marketer Manager,Instagram
Marketer Manager,Instagram
Marketer Manager,Instagram
Marketer Manager,Facebook
Marketer Manager,Facebook
Marketer Manager,Instagram
Marketer Manager,Facebook
Marketer Manager,Instagram
Marketer Manager,Facebook
Marketer Manager,Instagram
Marketer Manager,YouTube
Marketer Manager,YouTube
Marketer Manager,Instagram
Marketer Manager,Facebook
Marketer Manager,Instagram
Marketer Manager,Instagram
Marketer Manager,Instagram
Marketer Manager,Instagram
Marketer Manager,Instagram
Marketer Manager,YouTube
Marketer Manager,YouTube
Marketer Manager,Facebook
Marketer Manager,Instagram
Marketer Manager,Instagram
Marketer Manager,Facebook
Marketer Manager,Instagram
Marketer Manager,YouTube
Marketer Manager,YouTube
Marketer Manager,YouTube
Marketer Manager,YouTube
Marketer Manager,Facebook
Marketer Manager,Instagram
Marketer Manager,Instagram
Marketer Manager,YouTube
Marketer Manager,Facebook
Marketer Manager,YouTube
Marketer Manager,YouTube
Marketer Manager,Instagram
Marketer Manager,Instagram
Marketer Manager,Instagram
Marketer Manager,YouTube
Marketer Manager,Instagram
Marketer Manager,YouTube
Marketer Manager,YouTube
Marketer Manager,YouTube
Marketer Manager,YouTube
Marketer Manager,Instagram
Marketer Manager,YouTube
Marketer Manager,Facebook
Marketer Manager,Facebook
Marketer Manager,Instagram
Marketer Manager,Instagram
Marketer Manager,Instagram
Marketer Manager,Instagram
Marketer Manager,YouTube
Software Engineer,Instagram
Software Engineer,Facebook
Software Engineer,Instagram
Software Engineer,Instagram
Software Engineer,YouTube
Software Engineer,YouTube
Software Engineer,Facebook
Software Engineer,Facebook
Software Engineer,Instagram
Software Engineer,YouTube
Software Engineer,Instagram
Software Engineer,Instagram
Software Engineer,Instagram
Software Engineer,Facebook
Software Engineer,Instagram
Software Engineer,Instagram
Software Engineer,Instagram
Software Engineer,Facebook
Software Engineer,YouTube
Software Engineer,Facebook
Software Engineer,Facebook
Software Engineer,Instagram
Software Engineer,Instagram
Software Engineer,YouTube
Software Engineer,YouTube
Software Engineer,YouTube
Software Engineer,Instagram
Software Engineer,Facebook
Software Engineer,Instagram
Software Engineer,Instagram
Software Engineer,Instagram
Software Engineer,Facebook
Software Engineer,Instagram
Software Engineer,Facebook
Software Engineer,Instagram
Software Engineer,Instagram
Software Engineer,YouTube
Software Engineer,YouTube
Software Engineer,Facebook
Software Engineer,Facebook
Software Engineer,Facebook
Software Engineer,YouTube
Software Engineer,Facebook
Software Engineer,YouTube
Software Engineer,Facebook
Software Engineer,Instagram
Software Engineer,Facebook
Software Engineer,Instagram
Software Engineer,Facebook
Software Engineer,Instagram
Software Engineer,Instagram
Software Engineer,YouTube
Software Engineer,Facebook
Software Engineer,YouTube
Software Engineer,Instagram
Software Engineer,Instagram
Software Engineer,Facebook
Software Engineer,Facebook
Software Engineer,Instagram
Software Engineer,Facebook
Software Engineer,Facebook
Software Engineer,YouTube
Software Engineer,Instagram
Software Engineer,Instagram
Software Engineer,Facebook
Software Engineer,YouTube
Software Engineer,YouTube
Software Engineer,Instagram
Software Engineer,Facebook
Software Engineer,Facebook
Software Engineer,YouTube
Software Engineer,Facebook
Software Engineer,YouTube
Software Engineer,YouTube
Software Engineer,YouTube
Software Engineer,Facebook
Software Engineer,Instagram
Software Engineer,YouTube
Software Engineer,Instagram
Software Engineer,Instagram
Software Engineer,YouTube
Software Engineer,Instagram
Software Engineer,Facebook
Software Engineer,Instagram
Software Engineer,YouTube
Software Engineer,YouTube
Software Engineer,Facebook
Software Engineer,Instagram
Software Engineer,YouTube
Software Engineer,Instagram
Software Engineer,Instagram
Software Engineer,YouTube
Software Engineer,Instagram
Software Engineer,Instagram
Software Engineer,Facebook
Software Engineer,Facebook
Software Engineer,Instagram
Software Engineer,Instagram
Software Engineer,YouTube
Software Engineer,Facebook
Software Engineer,Instagram
Software Engineer,Instagram
Software Engineer,Facebook
Software Engineer,Facebook
Software Engineer,Instagram
Software Engineer,Facebook
Software Engineer,Facebook
Software Engineer,YouTube
Software Engineer,YouTube
Software Engineer,YouTube
Software Engineer,YouTube
Software Engineer,Instagram
Software Engineer,YouTube
Software Engineer,Facebook
Software Engineer,YouTube
Software Engineer,YouTube
Software Engineer,YouTube
Software Engineer,Instagram
Software Engineer,Instagram
Software Engineer,Instagram
Software Engineer,YouTube
Software Engineer,Facebook
Software Engineer,YouTube
Software Engineer,YouTube
Software Engineer,Instagram
Software Engineer,Instagram
Software Engineer,Facebook
Software Engineer,YouTube
Software Engineer,Instagram
Software Engineer,Facebook
Software Engineer,YouTube
Software Engineer,Facebook
Software Engineer,YouTube
Software Engineer,Instagram
Software Engineer,YouTube
Software Engineer,YouTube
Software Engineer,Instagram
Software Engineer,YouTube
Software Engineer,Instagram
Software Engineer,YouTube
Software Engineer,Facebook
Software Engineer,YouTube
Software Engineer,YouTube
Software Engineer,YouTube
Software Engineer,Facebook
Software Engineer,YouTube
Software Engineer,Instagram
Software Engineer,YouTube
Software Engineer,Instagram
Software Engineer,YouTube
Software Engineer,YouTube
Software Engineer,Facebook
Software Engineer,Instagram
Software Engineer,YouTube
Software Engineer,YouTube
Software Engineer,Instagram
Software Engineer,Facebook
Software Engineer,Facebook
Software Engineer,Facebook
Software Engineer,YouTube
Software Engineer,YouTube
Software Engineer,YouTube
Software Engineer,Facebook
Software Engineer,Facebook
Software Engineer,YouTube
Software Engineer,YouTube
Software Engineer,YouTube
Software Engineer,Instagram
Software Engineer,Facebook
Software Engineer,Facebook
Software Engineer,Facebook
Software Engineer,Instagram
Software Engineer,Instagram
Software Engineer,Instagram
Software Engineer,Facebook
Software Engineer,YouTube
Software Engineer,YouTube
Software Engineer,Instagram
Software Engineer,YouTube
Software Engineer,Instagram
Software Engineer,Instagram
Software Engineer,Facebook
Software Engineer,YouTube
Software Engineer,Instagram
Software Engineer,Instagram
Software Engineer,Instagram
Software Engineer,Instagram
Software Engineer,YouTube
Software Engineer,YouTube
Software Engineer,YouTube
Software Engineer,YouTube
Software Engineer,Instagram
Software Engineer,Facebook
Software Engineer,Facebook
Software Engineer,YouTube
Software Engineer,Instagram
Software Engineer,Facebook
Software Engineer,Instagram
Software Engineer,YouTube
Software Engineer,Facebook
Software Engineer,Facebook
Software Engineer,Facebook
Software Engineer,Instagram
Software Engineer,YouTube
Software Engineer,Instagram
Software Engineer,Instagram
Software Engineer,Facebook
Software Engineer,Facebook
Software Engineer,Instagram
Software Engineer,Instagram
Software Engineer,YouTube
Software Engineer,Instagram
Software Engineer,Instagram
Software Engineer,Instagram
Software Engineer,Instagram
Software Engineer,YouTube
Software Engineer,Instagram
Software Engineer,Facebook
Software Engineer,YouTube
Software Engineer,Facebook
Software Engineer,Facebook
Software Engineer,Instagram
Software Engineer,YouTube
Software Engineer,Instagram
Software Engineer,Facebook
Software Engineer,YouTube
Software Engineer,Instagram
Software Engineer,Instagram
Software Engineer,Instagram
Software Engineer,YouTube
Software Engineer,YouTube
Software Engineer,Instagram
Software Engineer,YouTube
Software Engineer,YouTube
Software Engineer,YouTube
Software Engineer,Instagram
Software Engineer,YouTube
Software Engineer,YouTube
Software Engineer,YouTube
Software Engineer,Instagram
Software Engineer,Facebook
Software Engineer,Facebook
Software Engineer,YouTube
Software Engineer,Instagram
Software Engineer,Facebook
Software Engineer,Instagram
Software Engineer,YouTube
Software Engineer,Facebook
Software Engineer,YouTube
Software Engineer,Instagram
Software Engineer,Facebook
Software Engineer,Instagram
Software Engineer,YouTube
Software Engineer,Facebook
Software Engineer,Instagram
Software Engineer,YouTube
Software Engineer,YouTube
Software Engineer,Facebook
Software Engineer,YouTube
Software Engineer,Facebook
Software Engineer,Facebook
Software Engineer,YouTube
Software Engineer,Instagram
Software Engineer,YouTube
Software Engineer,Instagram
Software Engineer,YouTube
Software Engineer,Facebook
Software Engineer,YouTube
Software Engineer,Instagram
Software Engineer,YouTube
Software Engineer,Instagram
Software Engineer,YouTube
Software Engineer,Instagram
Software Engineer,YouTube
Software Engineer,YouTube
Software Engineer,Facebook
Software Engineer,Instagram
Software Engineer,YouTube
Software Engineer,Instagram
Software Engineer,YouTube
Software Engineer,Instagram
Software Engineer,Facebook
Software Engineer,YouTube
Software Engineer,Instagram
Software Engineer,YouTube
Software Engineer,Instagram
Software Engineer,Instagram
Software Engineer,Instagram
Software Engineer,Facebook
Software Engineer,Instagram
Software Engineer,Instagram
Software Engineer,Facebook
Software Engineer,Instagram
Software Engineer,Facebook
Software Engineer,Instagram
Software Engineer,Instagram
Software Engineer,Facebook
Software Engineer,YouTube
Software Engineer,Instagram
Software Engineer,Instagram
Software Engineer,YouTube
Software Engineer,YouTube
Software Engineer,Instagram
Software Engineer,Facebook
Software Engineer,Instagram
Software Engineer,Instagram
Software Engineer,Facebook
Software Engineer,Facebook
Software Engineer,Facebook
Software Engineer,Instagram
Software Engineer,Instagram
Software Engineer,YouTube
Software Engineer,Instagram
Software Engineer,Instagram
Software Engineer,Facebook
Software Engineer,YouTube
Software Engineer,Instagram
Software Engineer,Instagram
Software Engineer,Instagram
Software Engineer,Instagram
Software Engineer,Facebook
Software Engineer,Facebook
Software Engineer,Instagram
Software Engineer,YouTube
Software Engineer,Facebook
Software Engineer,YouTube
Software Engineer,Instagram
Software Engineer,YouTube
Software Engineer,Facebook
Software Engineer,Instagram
Software Engineer,Facebook
Software Engineer,YouTube
Software Engineer,YouTube
Software Engineer,Facebook
Software Engineer,YouTube
Software Engineer,Facebook
Student,Facebook
Student,Instagram
Student,Facebook
Student,Facebook
Student,Facebook
Student,Facebook
Student,Facebook
Student,YouTube
Student,Instagram
Student,Instagram
Student,Facebook
Student,YouTube
Student,YouTube
Student,YouTube
Student,Facebook
Student,Facebook
Student,YouTube
Student,Facebook
Student,Instagram
Student,YouTube
Student,Instagram
Student,Instagram
Student,YouTube
Student,Facebook
Student,Facebook
Student,YouTube
Student,Facebook
Student,YouTube
Student,Facebook
Student,Instagram
Student,YouTube
Student,YouTube
Student,YouTube
Student,Facebook
Student,YouTube
Student,YouTube
Student,YouTube
Student,YouTube
Student,Instagram
Student,Facebook
Student,YouTube
Student,Facebook
Student,Facebook
Student,Instagram
Student,Facebook
Student,Facebook
Student,Facebook
Student,Instagram
Student,Facebook
Student,YouTube
Student,Instagram
Student,YouTube
Student,Facebook
Student,YouTube
Student,Instagram
Student,Instagram
Student,Facebook
Student,Instagram
Student,Instagram
Student,Instagram
Student,Instagram
Student,YouTube
Student,YouTube
Student,YouTube
Student,Instagram
Student,YouTube
Student,Instagram
Student,Instagram
Student,Facebook
Student,Instagram
Student,YouTube
Student,YouTube
Student,Instagram
Student,Facebook
Student,Instagram
Student,Instagram
Student,Instagram
Student,Facebook
Student,Facebook
Student,YouTube
Student,Facebook
Student,Instagram
Student,YouTube
Student,YouTube
Student,YouTube
Student,YouTube
Student,Facebook
Student,Instagram
Student,Facebook
Student,Facebook
Student,YouTube
Student,Instagram
Student,Instagram
Student,YouTube
Student,Facebook
Student,Facebook
Student,Instagram
Student,Instagram
Student,YouTube
Student,YouTube
Student,YouTube
Student,Instagram
Student,Facebook
Student,YouTube
Student,Facebook
Student,Facebook
Student,YouTube
Student,YouTube
Student,Facebook
Student,Instagram
Student,Instagram
Student,YouTube
Student,Instagram
Student,YouTube
Student,YouTube
Student,Instagram
Student,Instagram
Student,YouTube
Student,Instagram
Student,Instagram
Student,YouTube
Student,Facebook
Student,YouTube
Student,Facebook
Student,YouTube
Student,YouTube
Student,Facebook
Student,Instagram
Student,Facebook
Student,Instagram
Student,Facebook
Student,Facebook
Student,Instagram
Student,YouTube
Student,Instagram
Student,Facebook
Student,Instagram
Student,Facebook
Student,Facebook
Student,Facebook
Student,Instagram
Student,Facebook
Student,YouTube
Student,YouTube
Student,Instagram
Student,Facebook
Student,Instagram
Student,YouTube
Student,Instagram
Student,Facebook
Student,Facebook
Student,Instagram
Student,Facebook
Student,YouTube
Student,Instagram
Student,Instagram
Student,Instagram
Student,YouTube
Student,Instagram
Student,YouTube
Student,Facebook
Student,Instagram
Student,Facebook
Student,Facebook
Student,Instagram
Student,Instagram
Student,Facebook
Student,Instagram
Student,YouTube
Student,YouTube
Student,Facebook
Student,Instagram
Student,Facebook
Student,Facebook
Student,YouTube
Student,Instagram
Student,Instagram
Student,YouTube
Student,YouTube
Student,Instagram
Student,YouTube
Student,Facebook
Student,Instagram
Student,YouTube
Student,YouTube
Student,Facebook
Student,Instagram
Student,Instagram
Student,YouTube
Student,YouTube
Student,Facebook
Student,YouTube
Student,Instagram
Student,YouTube
Student,Instagram
Student,YouTube
Student,Instagram
Student,Facebook
Student,Instagram
Student,Facebook
Student,YouTube
Student,Instagram
Student,Facebook
Student,Instagram
Student,Facebook
Student,YouTube
Student,Facebook
Student,YouTube
Student,Facebook
Student,Facebook
Student,Instagram
Student,Instagram
Student,Instagram
Student,Facebook
Student,Instagram
Student,YouTube
Student,Instagram
Student,Instagram
Student,Facebook
Student,YouTube
Student,Facebook
Student,Instagram
Student,Facebook
Student,YouTube
Student,Facebook
Student,Facebook
Student,YouTube
Student,Instagram
Student,Instagram
Student,YouTube
Student,Instagram
Student,Facebook
Student,YouTube
Student,Instagram
Student,Facebook
Student,Instagram
Student,YouTube
Student,Instagram
Student,Facebook
Student,Facebook
Student,Facebook
Student,Facebook
Student,Instagram
Student,Instagram
Student,Instagram
Student,Instagram
Student,Instagram
Student,YouTube
Student,YouTube
Student,Facebook
Student,Facebook
Student,Instagram
Student,YouTube
Student,Facebook
Student,Instagram
Student,Instagram
Student,Facebook
Student,Instagram
Student,Instagram
Student,Instagram
Student,YouTube
Student,Instagram
Student,YouTube
Student,Instagram
Student,Instagram
Student,Facebook
Student,YouTube
Student,Instagram
Student,Facebook
Student,Instagram
Student,Instagram
Student,YouTube
Student,Instagram
Student,Instagram
Student,Facebook
Student,Facebook
Student,Facebook
Student,Facebook
Student,Instagram
Student,YouTube
Student,Instagram
Student,YouTube
Student,YouTube
Student,Facebook
Student,YouTube
Student,Instagram
Student,Facebook
Student,Facebook
Student,Facebook
Student,YouTube
Student,Instagram
Student,YouTube
Student,Facebook
Student,YouTube
Student,Facebook
Student,YouTube
Student,YouTube
Student,Facebook
Student,Instagram
Student,YouTube
Student,YouTube
Student,Facebook
Student,YouTube
Student,Facebook
Student,Facebook
Student,Facebook
Student,YouTube
Student,YouTube
Student,YouTube
